Hi,Greetings
Hello,Greetings
hey my friend,Greetings
hey my buddy,Greetings
bonjour,Greetings
bonjour,Greetings
good morning,Greetings
good morning,Greetings
good afternoon,Greetings
good afternoon,Greetings
hey there,Greetings
hey there,Greetings
helo,Greetings
hey baby,Greetings
hi there,Greetings
hi there,Greetings
hey there all,Greetings
hi everybody,Greetings
morning,Greetings
morning,Greetings
regards,Greetings
salut,Greetings
salutations,Greetings
wake up,Greetings
greetings,Greetings
greetings,Greetings
how is everyone,Greetings
it means hello,Greetings
konnichi wa,Greetings
konnichiwa,Greetings
moshi moshi,Greetings
mooshi mooshi,Greetings
shalom,Greetings
Hellas,Greetings
greeting,Greetings
Hello how is,Greetings
hello how is,Greetings
Hello  how is,Greetings
hello  how is,Greetings
Hello,Greetings
hi,Greetings
good evening,Greetings
evening,Greetings
hello there,Greetings
hey,Greetings
Hello it is me,Greetings
Hey you,Greetings
thought I would say hello,Greetings
hello my friend,Greetings
hey Watson,Greetings
hello Watson,Greetings
hey there Watson,Greetings
hey Watson,Greetings
hello Watson,Greetings
hey there Watson,Greetings
hello my Watson,Greetings
hello my Watson,Greetings
Hello how are you?,Feeling Questions
Hi. How are you doing?,Feeling Questions
Hi how are you?,Feeling Questions
Hello,Feeling Questions
Hey. What's happening?,Feeling Questions
Hi. How is your day going?,Feeling Questions
Hi. How are you today?,Feeling Questions
Hey there.,Feeling Questions
Hey nice to speak to you.,Feeling Questions
Hi. What are you up to?,Feeling Questions
How are you?,Feeling Questions
hi how are you,Feeling Questions
how are you today,Feeling Questions
how are you today,Feeling Questions
how is it going today,Feeling Questions
hello  how are you,Feeling Questions
how was your day,Feeling Questions
how are you feeling,Feeling Questions
how are you feeling,Feeling Questions
how are you this evening,Feeling Questions
how has your day been,Feeling Questions
how is everything,Feeling Questions
how is everything,Feeling Questions
how is everything,Feeling Questions
how is your day going,Feeling Questions
so how are you,Feeling Questions
so how are you,Feeling Questions
how you going,Feeling Questions
how you going,Feeling Questions
how you going,Feeling Questions
how you are,Feeling Questions
how you are,Feeling Questions
how do you do,Feeling Questions
how do you do,Feeling Questions
I am good thanks and you,Feeling Questions
I am good thanks how are you,Feeling Questions
everything is ok?,Feeling Questions
is everything ok,Feeling Questions
is everything alright,Feeling Questions
are you fine,Feeling Questions
I am good you,Feeling Questions
I am good you,Feeling Questions
how you are feeling,Feeling Questions
how you are feeling,Feeling Questions
How are you?,Feeling Questions
como estas,Feeling Questions
how are you tonight,Feeling Questions
how is you,Feeling Questions
how goes it,Feeling Questions
how you been,Feeling Questions
how is it going,Feeling Questions
hello how are you,Feeling Questions
hey how are you,Feeling Questions
hey how are you doing,Feeling Questions
how are you doing,Feeling Questions
how are ya,Feeling Questions
how are things with you,Feeling Questions
how you doing,Feeling Questions
how you been doing,Feeling Questions
how have you been,Feeling Questions
How are things going,Feeling Questions
how you feeling,Feeling Questions
how  you feeling,Feeling Questions
I am ok how are you,Feeling Questions
are you well,Feeling Questions
good how are you,Feeling Questions
great how are you,Feeling Questions
I am well how are you,Feeling Questions
good  how are you,Feeling Questions
great  how are you,Feeling Questions
I am well  how are you,Feeling Questions
good thank you how are you,Feeling Questions
how are things,Feeling Questions
how go things,Feeling Questions
how the hell are you,Feeling Questions
are you doing alright,Feeling Questions
thank you how are you,Feeling Questions
I feel good  how about you,Feeling Questions
I feel good how about you,Feeling Questions
I feel good  how are you,Feeling Questions
I feel good how are you,Feeling Questions
fine thank you and you,Feeling Questions
I am good how you doing,Feeling Questions
I am fine how you doing,Feeling Questions
how are you doing today,Feeling Questions
how you doing today,Feeling Questions
I hope you are well,Feeling Questions
thank you  how are you,Feeling Questions
wie gehts,Feeling Questions
hello how is it going,Feeling Questions
nothing how are you,Feeling Questions
nothing much how are you,Feeling Questions
are you doing well,Feeling Questions
how is yourself,Feeling Questions
have you been well,Feeling Questions
have you been good,Feeling Questions
how was you are day,Feeling Questions
hello  how you doing,Feeling Questions
hello are you well today,Feeling Questions
hello how is your day going,Feeling Questions
how you are feeling today,Feeling Questions
I'm really good thanks.,Feeling Questions
I'm great thanks.,Feeling Questions
I'm feeling much better now that you're chatting to me.,Feeling Questions
I'm feeling good.,Feeling Questions
I'm really good thanks.,Feeling Questions
Goodbye,Goodbye Greetings
bye bye,Goodbye Greetings
bye bye,Goodbye Greetings
sayonara,Goodbye Greetings
so long,Goodbye Greetings
by by,Goodbye Greetings
cheers,Goodbye Greetings
ciao means goodbye,Goodbye Greetings
good by,Goodbye Greetings
goodby,Goodbye Greetings
ta ta,Goodbye Greetings
hasta,Goodbye Greetings
hasta la vista,Goodbye Greetings
hasta la vista,Goodbye Greetings
asta la vista,Goodbye Greetings
hasta luego,Goodbye Greetings
be well,Goodbye Greetings
um  bye,Goodbye Greetings
um  byebye,Goodbye Greetings
ok then bye,Goodbye Greetings
ok bye,Goodbye Greetings
Goodbye,Goodbye Greetings
good bye,Goodbye Greetings
bye,Goodbye Greetings
take care,Goodbye Greetings
Have a  day,Goodbye Greetings
Have a nice day,Goodbye Greetings
have a lovely day,Goodbye Greetings
Ok goodbye,Goodbye Greetings
I am gone,Goodbye Greetings
Peace out,Goodbye Greetings
good Goodbye,Goodbye Greetings
good good bye,Goodbye Greetings
good bye for now,Goodbye Greetings
goodbye for now,Goodbye Greetings
I am well,Feeling Answers
I am fine thank you,Feeling Answers
I am fine thank you,Feeling Answers
I am fine thank you,Feeling Answers
fine,Feeling Answers
fine thank you,Feeling Answers
I am fine,Feeling Answers
I am fine,Feeling Answers
I am fine,Feeling Answers
yes I am fine,Feeling Answers
I am doing fine,Feeling Answers
I am doing good,Feeling Answers
I am doing great,Feeling Answers
I am doing quite well,Feeling Answers
I am doing very very,Feeling Answers
I am doing very,Feeling Answers
I am very good,Feeling Answers
I am doing very very well,Feeling Answers
I am doing very well,Feeling Answers
I am doing well,Feeling Answers
I am quite good,Feeling Answers
I am quite fine,Feeling Answers
I am quite well,Feeling Answers
I am fine too,Feeling Answers
I am okay,Feeling Answers
I am pretty good,Feeling Answers
I am good,Feeling Answers
I am good thank you,Feeling Answers
yes I am doing fine,Feeling Answers
yes I am doing good,Feeling Answers
yes I am doing great,Feeling Answers
yes I am doing quite well,Feeling Answers
yes I am doing very very,Feeling Answers
yes I am doing very,Feeling Answers
yes I am very good,Feeling Answers
yes I am doing very very well,Feeling Answers
yes I am doing very well,Feeling Answers
yes I am doing well,Feeling Answers
yes I am quite good,Feeling Answers
yes I am quite fine,Feeling Answers
yes I am quite well,Feeling Answers
yes I am fine too,Feeling Answers
yes I am okay,Feeling Answers
yes I am pretty good,Feeling Answers
yes I am good,Feeling Answers
no I am doing fine,Feeling Answers
no I am doing good,Feeling Answers
no I am doing great,Feeling Answers
no I am doing quite well,Feeling Answers
no I am doing very very,Feeling Answers
no I am doing very,Feeling Answers
no I am very good,Feeling Answers
no I am doing very very well,Feeling Answers
no I am doing very well,Feeling Answers
no I am doing well,Feeling Answers
no I am quite good,Feeling Answers
no I am quite fine,Feeling Answers
no I am quite well,Feeling Answers
no I am fine too,Feeling Answers
no I am okay,Feeling Answers
no I am pretty good,Feeling Answers
no I am good,Feeling Answers
not so bad,Feeling Answers
not so bad,Feeling Answers
not so bad yourself,Feeling Answers
not so bad yourself,Feeling Answers
I am doing fine thank you,Feeling Answers
I am doing good thank you,Feeling Answers
I am doing great thank you,Feeling Answers
I am doing quite well thank you,Feeling Answers
I am doing very very thank you,Feeling Answers
I am doing very thank you,Feeling Answers
I am doing very very well thank you,Feeling Answers
I am doing very well thank you,Feeling Answers
I am doing well thank you,Feeling Answers
I am fine too thank you,Feeling Answers
I am okay thank you,Feeling Answers
I am pretty good thank you,Feeling Answers
not too bad thank you,Feeling Answers
not too bad thank you,Feeling Answers
not too bad thank you,Feeling Answers
not so bad thank you,Feeling Answers
not so bad thank you,Feeling Answers
I am good and you,Feeling Answers
Great thanks how are you,Feeling Answers
Good thanks,Feeling Answers
good thanks,Feeling Answers
been pretty good,Feeling Answers
pretty good,Feeling Answers
pretty good,Feeling Answers
good thank you,Feeling Answers
good thank you,Feeling Answers
quite good,Feeling Answers
Great as always,Feeling Answers
Great as always,Feeling Answers
I am alright,Feeling Answers
I am alright,Feeling Answers
I am alright,Feeling Answers
I am alright thank you,Feeling Answers
I am alright thank you,Feeling Answers
I am alright thank you,Feeling Answers
things are good,Feeling Answers
things are good,Feeling Answers
things are  good,Feeling Answers
things are  good,Feeling Answers
things are well,Feeling Answers
things are well,Feeling Answers
things are  well,Feeling Answers
things are  well,Feeling Answers
things are good thank you,Feeling Answers
things are good thank you,Feeling Answers
things are  good thank you,Feeling Answers
things are  good thank you,Feeling Answers
things are well thank you,Feeling Answers
things are well thank you,Feeling Answers
things are  well thank you,Feeling Answers
things are  well thank you,Feeling Answers
doing well,Feeling Answers
doing well,Feeling Answers
doing well,Feeling Answers
feeling good,Feeling Answers
feeling good,Feeling Answers
pretty darn good,Feeling Answers
pretty darn good,Feeling Answers
not too bad your self,Feeling Answers
not too bad your self,Feeling Answers
not too bad your self,Feeling Answers
not so bad your self,Feeling Answers
not so bad your self,Feeling Answers
life is good,Feeling Answers
life is good,Feeling Answers
yes life is good,Feeling Answers
yes life is good,Feeling Answers
I am well,Feeling Answers
I am well thank you,Feeling Answers
not bad,Feeling Answers
not bad thank you,Feeling Answers
I am very well,Feeling Answers
very well,Feeling Answers
really well,Feeling Answers
very well thank you,Feeling Answers
really well thank you,Feeling Answers
not to bad,Feeling Answers
not to bad yourself,Feeling Answers
not too bad,Feeling Answers
not too bad yourself,Feeling Answers
pretty good thank you,Feeling Answers
I am ok,Feeling Answers
I am all right,Feeling Answers
I am ok thank you,Feeling Answers
I am all right thank you,Feeling Answers
I am in a good mood,Feeling Answers
I am great,Feeling Answers
I am great thank you,Feeling Answers
great thank you,Feeling Answers
well thank you,Feeling Answers
it is going good,Feeling Answers
doing good,Feeling Answers
doing great,Feeling Answers
doing fine,Feeling Answers
doing ok,Feeling Answers
doing just fine,Feeling Answers
I am feeling good,Feeling Answers
I feel good,Feeling Answers
I have been good,Feeling Answers
I have been great,Feeling Answers
I have been well,Feeling Answers
I feel so good,Feeling Answers
I am feeling so good,Feeling Answers
I am better than good,Feeling Answers
not to bad your self,Feeling Answers
I am really good,Feeling Answers
I am brilliant thank you,Feeling Answers
I feel ok,Feeling Answers
I feel ok thank you,Feeling Answers
It is nice to meet you.,Goodbye Replies
it is nice to meet you,Goodbye Replies
it is nice to meet,Goodbye Replies
nice to meet you too,Goodbye Replies
nice to meet you too,Goodbye Replies
great to meet you,Goodbye Replies
great to meet you,Goodbye Replies
great to meet you,Goodbye Replies
nice to meet you to,Goodbye Replies
pleased to meet,Goodbye Replies
pleased to meet,Goodbye Replies
nice to have met you too,Goodbye Replies
nice to have met you too,Goodbye Replies
good to have met you,Goodbye Replies
good to have met you,Goodbye Replies
good to have met you,Goodbye Replies
great to have met you,Goodbye Replies
great to have met you,Goodbye Replies
great to have met you,Goodbye Replies
nice to have met you,Goodbye Replies
nice to have met you,Goodbye Replies
nice to have met you to,Goodbye Replies
pleased to have met,Goodbye Replies
pleased to have met,Goodbye Replies
It is nice too meet you.,Goodbye Replies
it is nice too meet you,Goodbye Replies
it is nice too meet,Goodbye Replies
great too meet you,Goodbye Replies
great too meet you,Goodbye Replies
great too meet you,Goodbye Replies
nice too meet you too,Goodbye Replies
pleased too meet,Goodbye Replies
pleased too meet,Goodbye Replies
good too have met you,Goodbye Replies
good too have met you,Goodbye Replies
good too have met you,Goodbye Replies
great too have met you,Goodbye Replies
great too have met you,Goodbye Replies
great too have met you,Goodbye Replies
nice too have met you,Goodbye Replies
nice too have met you,Goodbye Replies
nice too have met you too,Goodbye Replies
pleased too have met,Goodbye Replies
pleased too have met,Goodbye Replies
It is nice 2 meet you.,Goodbye Replies
it is nice 2 meet you,Goodbye Replies
it is nice 2 meet,Goodbye Replies
great 2 meet you,Goodbye Replies
great 2 meet you,Goodbye Replies
great 2 meet you,Goodbye Replies
nice 2 meet you 2,Goodbye Replies
pleased 2 meet,Goodbye Replies
pleased 2 meet,Goodbye Replies
good 2 have met you,Goodbye Replies
good 2 have met you,Goodbye Replies
good 2 have met you,Goodbye Replies
great 2 have met you,Goodbye Replies
great 2 have met you,Goodbye Replies
great 2 have met you,Goodbye Replies
nice 2 have met you,Goodbye Replies
nice 2 have met you,Goodbye Replies
nice 2 have met you 2,Goodbye Replies
pleased 2 have met,Goodbye Replies
pleased 2 have met,Goodbye Replies
nice to meet you,Goodbye Replies
it is nice to meet you too,Goodbye Replies
nice to met you,Goodbye Replies
nice to  met you,Goodbye Replies
good to meet you,Goodbye Replies
nice too meet you,Goodbye Replies
good too meet you,Goodbye Replies
nice 2 meet you,Goodbye Replies
good 2 meet you,Goodbye Replies
